first_name,last_name,address,date_of_birth
Mia,Taylor,378 Cherry Blvd,27/11/1955
Emma,Davis,502 Elm Ave,02/04/1989
James,Moore,728 Maple Ave,04/09/1994
Alexander,Jackson,819 Pine St,25/02/1959
Olivia,Wilson,877 Spruce Way,22/10/2001
Harper,Martinez,921 Hickory Dr,13/10/1971
Ava,Williams,387 Fir Dr,13/12/1954
Ava,Miller,34 Dogwood Way,23/04/1972
Elijah,Davis,175 Cherry Blvd,12/09/1990
Emma,Anderson,645 Birch Rd,22/09/1994
Ava,Garcia,40 Hickory Dr,25/10/1961
James,Gonzalez,358 Poplar Rd,07/04/1988
Sebastian,Martin,229 Pine St,02/11/1973
Emma,Rodriguez,999 Oak Blvd,27/01/1976
Isabella,Hernandez,245 Fir Dr,03/08/1950
Isabella,Davis,888 Cherry Blvd,17/01/1971
Benjamin,Martin,300 Maple Ave,22/06/1982
Lucas,Anderson,985 Cedar Lane,20/03/1994
Isabella,Anderson,994 Fir Dr,05/09/1952
Ava,Garcia,871 Spruce Way,05/03/1981
Jack,Lopez,464 Fir Dr,17/11/1997
Evelyn,Lopez,624 Pine St,26/12/2001
Emma,Lopez,983 Cedar Lane,02/07/1965
Jack,Taylor,573 Elm Ave,13/04/1951
Ella,Davis,649 Ash Ln,04/07/1961
James,Jones,53 Cherry Blvd,02/12/1955
Evelyn,Gonzalez,697 Pine St,15/12/1952
Oliver,Wilson,633 Cedar Lane,04/03/1963
Lucas,Thomas,854 Birch Rd,26/11/1995
Alexander,Wilson,460 Pine St,11/12/1975
Liam,Jones,40 Fir Dr,30/05/1968
Ava,Garcia,75 Willow St,07/04/1956
Jack,Lee,660 Fir Dr,10/08/1951
Sophia,Wilson,207 Ash Ln,09/02/1971
Jack,Davis,341 Ash Ln,01/12/1983
Sophia,Martinez,30 Cedar Lane,08/04/2005
Liam,Lee,111 Poplar Rd,31/12/1996
Elijah,Martinez,811 Poplar Rd,09/04/1958
Ava,Hernandez,581 Ash Ln,14/09/1974
Charlotte,Hernandez,211 Pine St,05/10/1985
Olivia,Williams,194 Dogwood Way,12/02/1986
Liam,Taylor,863 Poplar Rd,12/01/1955
Benjamin,Rodriguez,214 Cherry Blvd,01/09/1961
Sophia,Davis,453 Willow St,10/04/1981
Oliver,Jackson,542 Maple Ave,18/11/1952
Sophia,Martinez,501 Cherry Blvd,12/09/2001
Emma,Miller,179 Ash Ln,21/12/1976
Benjamin,Smith,224 Ash Ln,29/01/1997
Emma,Jackson,648 Fir Dr,27/04/1991
Harper,Smith,115 Dogwood Way,08/06/1993
Sophia,Williams,764 Ash Ln,28/09/2003
Mia,Anderson,708 Hickory Dr,06/08/1957
Alexander,Anderson,947 Cedar Lane,02/11/1968
Harper,Williams,828 Willow St,24/12/1981
Ella,Lopez,686 Elm Ave,29/12/1974
Ella,Wilson,805 Cherry Blvd,12/05/1976
Ella,Gonzalez,144 Maple Ave,13/07/1950
Liam,Martinez,312 Birch Rd,04/02/1971
Lucas,Smith,633 Maple Ave,09/01/1998
Isabella,Taylor,217 Hickory Dr,18/09/1995
Amelia,Miller,919 Dogwood Way,19/06/2005
Sebastian,Johnson,981 Maple Ave,23/05/1958
Elijah,Miller,189 Ash Ln,06/01/1966
Emma,Williams,211 Spruce Way,26/07/1951
Henry,Rodriguez,320 Cedar Lane,08/04/1996
Sebastian,Davis,559 Elm Ave,23/02/1978
Sophia,Lee,136 Oak Blvd,09/11/1962
Emma,Davis,829 Pine St,13/03/1982
Benjamin,Thomas,20 Willow St,24/03/1958
Ava,Williams,428 Hickory Dr,04/01/1963
Mia,Garcia,335 Poplar Rd,23/11/1998
Benjamin,Thomas,654 Maple Ave,03/01/1977
Henry,Lopez,867 Pine St,13/03/1980
Elijah,Martin,733 Birch Rd,13/09/1960
Evelyn,Garcia,596 Willow St,04/06/1972
Harper,Davis,17 Fir Dr,07/02/1987
Alexander,Wilson,340 Ash Ln,21/12/1951
Liam,Miller,56 Spruce Way,24/12/2000
Noah,Brown,251 Pine St,24/04/1966
Harper,Moore,880 Birch Rd,12/10/2002
Alexander,Johnson,952 Ash Ln,09/11/1958
Oliver,Smith,411 Elm Ave,03/01/1989
Henry,Martin,103 Willow St,02/10/1972
Ella,Williams,291 Ash Ln,24/12/1975
Sebastian,Davis,389 Cedar Lane,10/09/1960
James,Lopez,518 Maple Ave,13/04/1988
Ella,Smith,470 Cherry Blvd,24/09/1984
Harper,Hernandez,178 Ash Ln,13/11/1980
Sebastian,Johnson,298 Dogwood Way,13/08/1994
Olivia,Wilson,688 Birch Rd,27/03/1963
Isabella,Jackson,24 Birch Rd,10/12/2004
Harper,Williams,284 Cherry Blvd,13/09/1966
Elijah,Martinez,86 Birch Rd,06/11/1983
Henry,Garcia,91 Cherry Blvd,07/04/1950
Emma,Rodriguez,943 Birch Rd,24/03/1960
Benjamin,Williams,151 Elm Ave,27/06/1999
Henry,Gonzalez,654 Hickory Dr,06/07/1990
Oliver,Jackson,548 Hickory Dr,14/05/1966
Sebastian,Thomas,810 Dogwood Way,31/05/1962
Liam,Williams,743 Dogwood Way,23/05/2002
